[
  {
    "id": "098207a3-2d68-4b47-9b43-75adcba1c1f0",
    "data": [
      {
        "text": "Stop",
        "userDefined": false
      }
    ],
    "isTemplate": false,
    "count": 1,
    "lang": "en",
    "updated": 0
  },
  {
    "id": "0da21a79-b7c8-49c8-92aa-596907f4b1e8",
    "data": [
      {
        "text": "Cancel",
        "userDefined": false
      }
    ],
    "isTemplate": false,
    "count": 0,
    "lang": "en",
    "updated": 0
  },
  {
    "id": "55ea6634-cc71-48f4-b0ce-acc6f1e3af62",
    "data": [
      {
        "text": "Bye",
        "userDefined": false
      }
    ],
    "isTemplate": false,
    "count": 0,
    "lang": "en",
    "updated": 0
  },
  {
    "id": "d9d7d9e4-6ff7-4cac-91db-6e9a0d6e6162",
    "data": [
      {
        "text": "quit",
        "userDefined": false
      }
    ],
    "isTemplate": false,
    "count": 1,
    "lang": "en",
    "updated": 0
  }
]