[
  {
    "id": "dcd87155-75f1-4329-a716-95e430520cfb",
    "data": [
      {
        "text": "New Delhi",
        "meta": "@sys.geo-city",
        "alias": "capital_name",
        "userDefined": true
      }
    ],
    "isTemplate": false,
    "count": 0,
    "lang": "en",
    "updated": 0
  },
  {
    "id": "f371c97e-1cb4-47cc-8b4d-9118a609e1a3",
    "data": [
      {
        "text": "Washington D.C",
        "meta": "@sys.geo-city",
        "alias": "capital_name",
        "userDefined": true
      }
    ],
    "isTemplate": false,
    "count": 0,
    "lang": "en",
    "updated": 0
  }
]