[
  {
    "id": "acf29c5f-6746-4619-ac86-82b056b0e51a",
    "data": [
      {
        "text": "don\u0027t know",
        "userDefined": false
      }
    ],
    "isTemplate": false,
    "count": 0,
    "lang": "en",
    "updated": 0
  },
  {
    "id": "8ec117bf-b812-405a-a7e0-c936828ec395",
    "data": [
      {
        "text": "next",
        "userDefined": false
      }
    ],
    "isTemplate": false,
    "count": 0,
    "lang": "en",
    "updated": 0
  },
  {
    "id": "4d088a76-2510-439b-a219-902b8b4de4b6",
    "data": [
      {
        "text": "okay",
        "userDefined": false
      }
    ],
    "isTemplate": false,
    "count": 0,
    "lang": "en",
    "updated": 0
  },
  {
    "id": "17d0a9e8-af39-48fc-b0d6-91517f98972e",
    "data": [
      {
        "text": "go on",
        "userDefined": false
      }
    ],
    "isTemplate": false,
    "count": 0,
    "lang": "en",
    "updated": 0
  },
  {
    "id": "d754f203-9214-4163-9312-18f316baf398",
    "data": [
      {
        "text": "pass it",
        "userDefined": false
      }
    ],
    "isTemplate": false,
    "count": 0,
    "lang": "en",
    "updated": 0
  },
  {
    "id": "a5aba1c3-bd1e-465e-a946-4cedcc1325fe",
    "data": [
      {
        "text": "skip it",
        "userDefined": false
      }
    ],
    "isTemplate": false,
    "count": 0,
    "lang": "en",
    "updated": 0
  },
  {
    "id": "93b445c4-7fd4-4f23-9f97-e0717db26271",
    "data": [
      {
        "text": "i don\u0027t know",
        "userDefined": false
      }
    ],
    "isTemplate": false,
    "count": 0,
    "lang": "en",
    "updated": 0
  },
  {
    "id": "e0ea1edb-5cf7-4e9e-8f9d-02b8de31bb5f",
    "data": [
      {
        "text": "pass",
        "userDefined": false
      }
    ],
    "isTemplate": false,
    "count": 0,
    "lang": "en",
    "updated": 0
  },
  {
    "id": "dd6b8c31-9e45-4e4f-bf8a-afd494372f25",
    "data": [
      {
        "text": "skip",
        "userDefined": false
      }
    ],
    "isTemplate": false,
    "count": 0,
    "lang": "en",
    "updated": 0
  }
]